ano,sigla_uf,numero_consumidores,consumo,IDHM,IDHM_Renda,IDHM_Longevidade,IDHM_Educacao,IBGE_POP,GDP,GDP_CAPITA,GVA_AGROPEC,GVA_INDUSTRY,GVA_SERVICES,GVA_PUBLIC,MUN_EXPENDIT
2004,AL,7758590.0,3390490,0.721,0.739,0.799,0.635,867156.0,21306115.95,20853.41,164315.02,2922193.9,12006071.98,3278101.63,1795129013.0
2004,BA,42981158.0,17248063,0.7263333333333333,0.7256666666666667,0.8206666666666665,0.647,2624898.0,78069608.12,19787.366666666665,138925.95,10963732.55,39511247.87,10197889.8,6538658448.0
2004,CE,26342055.0,6328325,0.69,0.644,0.81,0.642,239172.0,4185791.73,15604.19,16226.81,446.85,2500749.36,783278.24,409356006.0
2004,GO,22229777.0,8050750,0.799,0.824,0.838,0.739,1291199.0,46659222.76,32209.01,36.55,6516.72,28379914.23,5524725.22,3766766105.0
2004,MA,13735192.0,8919920,0.768,0.741,0.813,0.752,942449.0,28323.36,26154.25,21.97,5531.0,14332677.0,3297957.23,2105900000.0
2004,MG,74780077.0,45308746,0.777,0.7625,0.87,0.707,704662.0,4227878.95,38290.595,839326.78,6923605.97,17223591.44,3292246.59,1997329852.0
2004,MS,7987494.0,3262925,0.784,0.79,0.844,0.724,765394.0,25437928.17,29442.66,308918.14,3792765.5,12943148.62,4895738.82,2662884470.0
2004,PB,11765231.0,2891201,0.7415,0.736,0.8220000000000001,0.6735,1051080.0,27089966.05,21940.32,37654.68,4820258.77,13627000.44,1728973.21,2458259473.0
2004,PE,27800736.0,7939009,0.6885,0.688,0.799,0.59,496037.0,5801049.35,17520.275,91539.90999999999,1340339.07,6068219.7,2391875.83,1122487933.0
2004,PI,8184474.0,1507089,0.75,0.731,0.82,0.707,762444.0,19149955.47,22597.68,46702.48,2851896.72,10183047.44,3450.95,2324727933.0
2004,PR,38789266.0,19872884,0.7793333333333333,0.781,0.8489999999999999,0.7136666666666667,1063389.0,47978362.45,41366.37333333333,334428.22000000003,7126286.67,24393653.61,5319335.04,3210310954.0
2004,RJ,65461210.0,30535178,0.764,0.792,0.828,0.681,198404.0,17580176.08,73412.55,51244.76,4735683.91,7232381.67,2784801.34,1681032334.0
2004,RN,9834238.0,3195523,0.72,0.694,0.811,0.663,234870.0,5755476.76,19714.79,139.36,933.66,2784896.84,1225065.06,450413704.0
2004,RS,41055789.0,21572560,0.7686666666666667,0.7883333333333334,0.8506666666666667,0.6776666666666666,915605.0,35687322.29,30411.036666666667,452409.69,900715.47,13965356.35,4756594.94,2741467309.0
2004,SC,23423649.0,14498221,0.803,0.7953333333333333,0.8846666666666666,0.7326666666666667,912462.0,40621039.0,42917.723333333335,362291.43,12799378.06,22691775.880000003,5019570.4399999995,2958644888.0
2004,SP,158401512.0,100149287,0.8012857142857143,0.8077142857142857,0.8521428571428571,0.7458571428571429,13530651.0,806069618.8100001,47205.75285714286,401241.75999999995,101915207.2,555690674.71,55221245.53,57674287224.0
2005,AL,8149089.0,3639834,0.721,0.739,0.799,0.635,867156.0,21306115.95,20853.41,164315.02,2922193.9,12006071.98,3278101.63,1795129013.0
2005,BA,45129251.0,17929759,0.7263333333333333,0.7256666666666667,0.8206666666666665,0.647,2624898.0,78069608.12,19787.366666666665,138925.95,10963732.55,39511247.87,10197889.8,6538658448.0
2005,CE,27334772.0,6823665,0.69,0.644,0.81,0.642,239172.0,4185791.73,15604.19,16226.81,446.85,2500749.36,783278.24,409356006.0
2005,GO,22952551.0,8472127,0.799,0.824,0.838,0.739,1291199.0,46659222.76,32209.01,36.55,6516.72,28379914.23,5524725.22,3766766105.0
2005,MA,14456744.0,9220382,0.768,0.741,0.813,0.752,942449.0,28323.36,26154.25,21.97,5531.0,14332677.0,3297957.23,2105900000.0
2005,MG,76439924.0,45992571,0.777,0.7625,0.87,0.707,704662.0,4227878.95,38290.595,839326.78,6923605.97,17223591.44,3292246.59,1997329852.0
2005,MS,8300968.0,3346901,0.784,0.79,0.844,0.724,765394.0,25437928.17,29442.66,308918.14,3792765.5,12943148.62,4895738.82,2662884470.0
2005,PB,12083542.0,3100800,0.7415,0.736,0.8220000000000001,0.6735,1051080.0,27089966.05,21940.32,37654.68,4820258.77,13627000.44,1728973.21,2458259473.0
2005,PE,29013963.0,8497972,0.6885,0.688,0.799,0.59,496037.0,5801049.35,17520.275,91539.90999999999,1340339.07,6068219.7,2391875.83,1122487933.0
2005,PI,8550195.0,1613678,0.75,0.731,0.82,0.707,762444.0,19149955.47,22597.68,46702.48,2851896.72,10183047.44,3450.95,2324727933.0
2005,PR,39866046.0,20475716,0.7793333333333333,0.781,0.8489999999999999,0.7136666666666667,1063389.0,47978362.45,41366.37333333333,334428.22000000003,7126286.67,24393653.61,5319335.04,3210310954.0
2005,RJ,70600484.0,32227651,0.764,0.792,0.828,0.681,198404.0,17580176.08,73412.55,51244.76,4735683.91,7232381.67,2784801.34,1681032334.0
2005,RN,10292405.0,3535315,0.72,0.694,0.811,0.663,234870.0,5755476.76,19714.79,139.36,933.66,2784896.84,1225065.06,450413704.0
2005,RS,42370795.0,22243923,0.7686666666666667,0.7883333333333334,0.8506666666666667,0.6776666666666666,915605.0,35687322.29,30411.036666666667,452409.69,900715.47,13965356.35,4756594.94,2741467309.0
2005,SC,24201535.0,15171517,0.803,0.7953333333333333,0.8846666666666666,0.7326666666666667,912462.0,40621039.0,42917.723333333335,362291.43,12799378.06,22691775.880000003,5019570.4399999995,2958644888.0
2005,SP,161808974.0,103906696,0.8012857142857143,0.8077142857142857,0.8521428571428571,0.7458571428571429,13530651.0,806069618.8100001,47205.75285714286,401241.75999999995,101915207.2,555690674.71,55221245.53,57674287224.0
2006,AL,8624505.0,3602191,0.721,0.739,0.799,0.635,867156.0,21306115.95,20853.41,164315.02,2922193.9,12006071.98,3278101.63,1795129013.0
2006,BA,47636650.0,18263596,0.7263333333333333,0.7256666666666667,0.8206666666666665,0.647,2624898.0,78069608.12,19787.366666666665,138925.95,10963732.55,39511247.87,10197889.8,6538658448.0
2006,CE,28488637.0,6978943,0.69,0.644,0.81,0.642,239172.0,4185791.73,15604.19,16226.81,446.85,2500749.36,783278.24,409356006.0
2006,GO,23724162.0,8615377,0.799,0.824,0.838,0.739,1291199.0,46659222.76,32209.01,36.55,6516.72,28379914.23,5524725.22,3766766105.0
2006,MA,15689442.0,10129483,0.768,0.741,0.813,0.752,942449.0,28323.36,26154.25,21.97,5531.0,14332677.0,3297957.23,2105900000.0
2006,MG,78745479.0,45566946,0.777,0.7625,0.87,0.707,704662.0,4227878.95,38290.595,839326.78,6923605.97,17223591.44,3292246.59,1997329852.0
2006,MS,8569553.0,3367714,0.784,0.79,0.844,0.724,765394.0,25437928.17,29442.66,308918.14,3792765.5,12943148.62,4895738.82,2662884470.0
2006,PB,12607539.0,3279057,0.7415,0.736,0.8220000000000001,0.6735,1051080.0,27089966.05,21940.32,37654.68,4820258.77,13627000.44,1728973.21,2458259473.0
2006,PE,29760731.0,8755780,0.6885,0.688,0.799,0.59,496037.0,5801049.35,17520.275,91539.90999999999,1340339.07,6068219.7,2391875.83,1122487933.0
2006,PI,9004903.0,1654741,0.75,0.731,0.82,0.707,762444.0,19149955.47,22597.68,46702.48,2851896.72,10183047.44,3450.95,2324727933.0
2006,PR,40841732.0,21273638,0.7793333333333333,0.781,0.8489999999999999,0.7136666666666667,1063389.0,47978362.45,41366.37333333333,334428.22000000003,7126286.67,24393653.61,5319335.04,3210310954.0
2006,RJ,72385702.0,32393559,0.764,0.792,0.828,0.681,198404.0,17580176.08,73412.55,51244.76,4735683.91,7232381.67,2784801.34,1681032334.0
2006,RN,10833111.0,3733632,0.72,0.694,0.811,0.663,234870.0,5755476.76,19714.79,139.36,933.66,2784896.84,1225065.06,450413704.0
2006,RS,43217095.0,22695845,0.7686666666666667,0.7883333333333334,0.8506666666666667,0.6776666666666666,915605.0,35687322.29,30411.036666666667,452409.69,900715.47,13965356.35,4756594.94,2741467309.0
2006,SC,24987806.0,15724291,0.803,0.7953333333333333,0.8846666666666666,0.7326666666666667,912462.0,40621039.0,42917.723333333335,362291.43,12799378.06,22691775.880000003,5019570.4399999995,2958644888.0
2006,SP,166457874.0,109148413,0.8012857142857143,0.8077142857142857,0.8521428571428571,0.7458571428571429,13530651.0,806069618.8100001,47205.75285714286,401241.75999999995,101915207.2,555690674.71,55221245.53,57674287224.0
2007,AL,9045618.0,3746798,0.721,0.739,0.799,0.635,867156.0,21306115.95,20853.41,164315.02,2922193.9,12006071.98,3278101.63,1795129013.0
2007,BA,48843950.0,19375797,0.7263333333333333,0.7256666666666667,0.8206666666666665,0.647,2624898.0,78069608.12,19787.366666666665,138925.95,10963732.55,39511247.87,10197889.8,6538658448.0
2007,CE,29363956.0,7298821,0.69,0.644,0.81,0.642,239172.0,4185791.73,15604.19,16226.81,446.85,2500749.36,783278.24,409356006.0
2007,GO,24543071.0,9060644,0.799,0.824,0.838,0.739,1291199.0,46659222.76,32209.01,36.55,6516.72,28379914.23,5524725.22,3766766105.0
2007,MA,16778569.0,10716948,0.768,0.741,0.813,0.752,942449.0,28323.36,26154.25,21.97,5531.0,14332677.0,3297957.23,2105900000.0
2007,MG,81773171.0,49630277,0.777,0.7625,0.87,0.707,704662.0,4227878.95,38290.595,839326.78,6923605.97,17223591.44,3292246.59,1997329852.0
2007,MS,8914765.0,3524755,0.784,0.79,0.844,0.724,765394.0,25437928.17,29442.66,308918.14,3792765.5,12943148.62,4895738.82,2662884470.0
2007,PB,13187664.0,3412362,0.7415,0.736,0.8220000000000001,0.6735,1051080.0,27089966.05,21940.32,37654.68,4820258.77,13627000.44,1728973.21,2458259473.0
2007,PE,32026413.0,9329829,0.6885,0.688,0.799,0.59,496037.0,5801049.35,17520.275,91539.90999999999,1340339.07,6068219.7,2391875.83,1122487933.0
2007,PI,9577737.0,1751050,0.75,0.731,0.82,0.707,762444.0,19149955.47,22597.68,46702.48,2851896.72,10183047.44,3450.95,2324727933.0
2007,PR,41916913.0,22331180,0.7793333333333333,0.781,0.8489999999999999,0.7136666666666667,1063389.0,47978362.45,41366.37333333333,334428.22000000003,7126286.67,24393653.61,5319335.04,3210310954.0
2007,RJ,73369701.0,33251175,0.764,0.792,0.828,0.681,198404.0,17580176.08,73412.55,51244.76,4735683.91,7232381.67,2784801.34,1681032334.0
2007,RN,11305482.0,3954028,0.72,0.694,0.811,0.663,234870.0,5755476.76,19714.79,139.36,933.66,2784896.84,1225065.06,450413704.0
2007,RS,44274250.0,23785390,0.7686666666666667,0.7883333333333334,0.8506666666666667,0.6776666666666666,915605.0,35687322.29,30411.036666666667,452409.69,900715.47,13965356.35,4756594.94,2741467309.0
2007,SC,25740774.0,16879813,0.803,0.7953333333333333,0.8846666666666666,0.7326666666666667,912462.0,40621039.0,42917.723333333335,362291.43,12799378.06,22691775.880000003,5019570.4399999995,2958644888.0
2007,SP,170926330.0,115459385,0.8012857142857143,0.8077142857142857,0.8521428571428571,0.7458571428571429,13530651.0,806069618.8100001,47205.75285714286,401241.75999999995,101915207.2,555690674.71,55221245.53,57674287224.0
2008,AL,9498981.0,3908132,0.721,0.739,0.799,0.635,867156.0,21306115.95,20853.41,164315.02,2922193.9,12006071.98,3278101.63,1795129013.0
2008,BA,51833876.0,20440096,0.7263333333333333,0.7256666666666667,0.8206666666666665,0.647,2624898.0,78069608.12,19787.366666666665,138925.95,10963732.55,39511247.87,10197889.8,6538658448.0
2008,CE,30750997.0,7622854,0.69,0.644,0.81,0.642,239172.0,4185791.73,15604.19,16226.81,446.85,2500749.36,783278.24,409356006.0
2008,GO,25465471.0,9868917,0.799,0.824,0.838,0.739,1291199.0,46659222.76,32209.01,36.55,6516.72,28379914.23,5524725.22,3766766105.0
2008,MA,17895638.0,10965788,0.768,0.741,0.813,0.752,942449.0,28323.36,26154.25,21.97,5531.0,14332677.0,3297957.23,2105900000.0
2008,MG,84818116.0,48659069,0.777,0.7625,0.87,0.707,704662.0,4227878.95,38290.595,839326.78,6923605.97,17223591.44,3292246.59,1997329852.0
2008,MS,9258670.0,3638741,0.784,0.79,0.844,0.724,765394.0,25437928.17,29442.66,308918.14,3792765.5,12943148.62,4895738.82,2662884470.0
2008,PB,13790019.0,3621545,0.7415,0.736,0.8220000000000001,0.6735,1051080.0,27089966.05,21940.32,37654.68,4820258.77,13627000.44,1728973.21,2458259473.0
2008,PE,33230919.0,9730052,0.6885,0.688,0.799,0.59,496037.0,5801049.35,17520.275,91539.90999999999,1340339.07,6068219.7,2391875.83,1122487933.0
2008,PI,9956014.0,1843015,0.75,0.731,0.82,0.707,762444.0,19149955.47,22597.68,46702.48,2851896.72,10183047.44,3450.95,2324727933.0
2008,PR,42969189.0,23611265,0.7793333333333333,0.781,0.8489999999999999,0.7136666666666667,1063389.0,47978362.45,41366.37333333333,334428.22000000003,7126286.67,24393653.61,5319335.04,3210310954.0
2008,RJ,75224836.0,33722657,0.764,0.792,0.828,0.681,198404.0,17580176.08,73412.55,51244.76,4735683.91,7232381.67,2784801.34,1681032334.0
2008,RN,11953760.0,4041745,0.72,0.694,0.811,0.663,234870.0,5755476.76,19714.79,139.36,933.66,2784896.84,1225065.06,450413704.0
2008,RS,45452673.0,24706605,0.7686666666666667,0.7883333333333334,0.8506666666666667,0.6776666666666666,915605.0,35687322.29,30411.036666666667,452409.69,900715.47,13965356.35,4756594.94,2741467309.0
2008,SC,26479644.0,17582089,0.803,0.7953333333333333,0.8846666666666666,0.7326666666666667,912462.0,40621039.0,42917.723333333335,362291.43,12799378.06,22691775.880000003,5019570.4399999995,2958644888.0
2008,SP,177488960.0,118959835,0.8012857142857143,0.8077142857142857,0.8521428571428571,0.7458571428571429,13530651.0,806069618.8100001,47205.75285714286,401241.75999999995,101915207.2,555690674.71,55221245.53,57674287224.0
2009,AL,9827500.0,3782090,0.721,0.739,0.799,0.635,867156.0,21306115.95,20853.41,164315.02,2922193.9,12006071.98,3278101.63,1795129013.0
2009,BA,54324842.0,19850138,0.7263333333333333,0.7256666666666667,0.8206666666666665,0.647,2624898.0,78069608.12,19787.366666666665,138925.95,10963732.55,39511247.87,10197889.8,6538658448.0
2009,CE,32302042.0,7917682,0.69,0.644,0.81,0.642,239172.0,4185791.73,15604.19,16226.81,446.85,2500749.36,783278.24,409356006.0
2009,GO,26450994.0,10303616,0.799,0.824,0.838,0.739,1291199.0,46659222.76,32209.01,36.55,6516.72,28379914.23,5524725.22,3766766105.0
2009,MA,19503502.0,10793787,0.768,0.741,0.813,0.752,942449.0,28323.36,26154.25,21.97,5531.0,14332677.0,3297957.23,2105900000.0
2009,MG,87164155.0,45091485,0.777,0.7625,0.87,0.707,704662.0,4227878.95,38290.595,839326.78,6923605.97,17223591.44,3292246.59,1997329852.0
2009,MS,9745205.0,3806707,0.784,0.79,0.844,0.724,765394.0,25437928.17,29442.66,308918.14,3792765.5,12943148.62,4895738.82,2662884470.0
2009,PB,14367671.0,3714493,0.7415,0.736,0.8220000000000001,0.6735,1051080.0,27089966.05,21940.32,37654.68,4820258.77,13627000.44,1728973.21,2458259473.0
2009,PE,34902850.0,10088606,0.6885,0.688,0.799,0.59,496037.0,5801049.35,17520.275,91539.90999999999,1340339.07,6068219.7,2391875.83,1122487933.0
2009,PI,10427341.0,1903228,0.75,0.731,0.82,0.707,762444.0,19149955.47,22597.68,46702.48,2851896.72,10183047.44,3450.95,2324727933.0
2009,PR,44256521.0,23903892,0.7793333333333333,0.781,0.8489999999999999,0.7136666666666667,1063389.0,47978362.45,41366.37333333333,334428.22000000003,7126286.67,24393653.61,5319335.04,3210310954.0
2009,RJ,76526101.0,33310868,0.764,0.792,0.828,0.681,198404.0,17580176.08,73412.55,51244.76,4735683.91,7232381.67,2784801.34,1681032334.0
2009,RN,12509248.0,4127279,0.72,0.694,0.811,0.663,234870.0,5755476.76,19714.79,139.36,933.66,2784896.84,1225065.06,450413704.0
2009,RS,46442092.0,24444234,0.7686666666666667,0.7883333333333334,0.8506666666666667,0.6776666666666666,915605.0,35687322.29,30411.036666666667,452409.69,900715.47,13965356.35,4756594.94,2741467309.0
2009,SC,27149312.0,17180143,0.803,0.7953333333333333,0.8846666666666666,0.7326666666666667,912462.0,40621039.0,42917.723333333335,362291.43,12799378.06,22691775.880000003,5019570.4399999995,2958644888.0
2009,SP,180835146.0,118182361,0.8012857142857143,0.8077142857142857,0.8521428571428571,0.7458571428571429,13530651.0,806069618.8100001,47205.75285714286,401241.75999999995,101915207.2,555690674.71,55221245.53,57674287224.0
2010,AL,10294942.0,4005367,0.721,0.739,0.799,0.635,867156.0,21306115.95,20853.41,164315.02,2922193.9,12006071.98,3278101.63,1795129013.0
2010,BA,57593303.0,21541106,0.7263333333333333,0.7256666666666667,0.8206666666666665,0.647,2624898.0,78069608.12,19787.366666666665,138925.95,10963732.55,39511247.87,10197889.8,6538658448.0
2010,CE,33642489.0,8876027,0.69,0.644,0.81,0.642,239172.0,4185791.73,15604.19,16226.81,446.85,2500749.36,783278.24,409356006.0
2010,GO,27527301.0,10905277,0.799,0.824,0.838,0.739,1291199.0,46659222.76,32209.01,36.55,6516.72,28379914.23,5524725.22,3766766105.0
2010,MA,21207467.0,11613215,0.768,0.741,0.813,0.752,942449.0,28323.36,26154.25,21.97,5531.0,14332677.0,3297957.23,2105900000.0
2010,MG,89628426.0,51312857,0.777,0.7625,0.87,0.707,704662.0,4227878.95,38290.595,839326.78,6923605.97,17223591.44,3292246.59,1997329852.0
2010,MS,10162809.0,4017307,0.784,0.79,0.844,0.724,765394.0,25437928.17,29442.66,308918.14,3792765.5,12943148.62,4895738.82,2662884470.0
2010,PB,14946645.0,4181053,0.7415,0.736,0.8220000000000001,0.6735,1051080.0,27089966.05,21940.32,37654.68,4820258.77,13627000.44,1728973.21,2458259473.0
2010,PE,36541994.0,10936333,0.6885,0.688,0.799,0.59,496037.0,5801049.35,17520.275,91539.90999999999,1340339.07,6068219.7,2391875.83,1122487933.0
2010,PI,11108590.0,2225664,0.75,0.731,0.82,0.707,762444.0,19149955.47,22597.68,46702.48,2851896.72,10183047.44,3450.95,2324727933.0
2010,PR,45635827.0,25355359,0.7793333333333333,0.781,0.8489999999999999,0.7136666666666667,1063389.0,47978362.45,41366.37333333333,334428.22000000003,7126286.67,24393653.61,5319335.04,3210310954.0
2010,RJ,77313340.0,35801197,0.764,0.792,0.828,0.681,198404.0,17580176.08,73412.55,51244.76,4735683.91,7232381.67,2784801.34,1681032334.0
2010,RN,13188159.0,4523331,0.72,0.694,0.811,0.663,234870.0,5755476.76,19714.79,139.36,933.66,2784896.84,1225065.06,450413704.0
2010,RS,47549248.0,26228631,0.7686666666666667,0.7883333333333334,0.8506666666666667,0.6776666666666666,915605.0,35687322.29,30411.036666666667,452409.69,900715.47,13965356.35,4756594.94,2741467309.0
2010,SC,28249351.0,18349922,0.803,0.7953333333333333,0.8846666666666666,0.7326666666666667,912462.0,40621039.0,42917.723333333335,362291.43,12799378.06,22691775.880000003,5019570.4399999995,2958644888.0
2010,SP,185592516.0,125504595,0.8012857142857143,0.8077142857142857,0.8521428571428571,0.7458571428571429,13530651.0,806069618.8100001,47205.75285714286,401241.75999999995,101915207.2,555690674.71,55221245.53,57674287224.0
2011,AL,10810559.0,3882451,0.721,0.739,0.799,0.635,867156.0,21306115.95,20853.41,164315.02,2922193.9,12006071.98,3278101.63,1795129013.0
2011,BA,60251167.0,20959399,0.7263333333333333,0.7256666666666667,0.8206666666666665,0.647,2624898.0,78069608.12,19787.366666666665,138925.95,10963732.55,39511247.87,10197889.8,6538658448.0
2011,CE,35013121.0,9027635,0.69,0.644,0.81,0.642,239172.0,4185791.73,15604.19,16226.81,446.85,2500749.36,783278.24,409356006.0
2011,GO,28703205.0,11706392,0.799,0.824,0.838,0.739,1291199.0,46659222.76,32209.01,36.55,6516.72,28379914.23,5524725.22,3766766105.0
2011,MA,22678779.0,12052756,0.768,0.741,0.813,0.752,942449.0,28323.36,26154.25,21.97,5531.0,14332677.0,3297957.23,2105900000.0
2011,MG,92793542.0,53610710,0.777,0.7625,0.87,0.707,704662.0,4227878.95,38290.595,839326.78,6923605.97,17223591.44,3292246.59,1997329852.0
2011,MS,10583048.0,4302164,0.784,0.79,0.844,0.724,765394.0,25437928.17,29442.66,308918.14,3792765.5,12943148.62,4895738.82,2662884470.0
2011,PB,15608742.0,4256661,0.7415,0.736,0.8220000000000001,0.6735,1051080.0,27089966.05,21940.32,37654.68,4820258.77,13627000.44,1728973.21,2458259473.0
2011,PE,37564660.0,11290773,0.6885,0.688,0.799,0.59,496037.0,5801049.35,17520.275,91539.90999999999,1340339.07,6068219.7,2391875.83,1122487933.0
2011,PI,11807454.0,2392555,0.75,0.731,0.82,0.707,762444.0,19149955.47,22597.68,46702.48,2851896.72,10183047.44,3450.95,2324727933.0
2011,PR,47561821.0,26554400,0.7793333333333333,0.781,0.8489999999999999,0.7136666666666667,1063389.0,47978362.45,41366.37333333333,334428.22000000003,7126286.67,24393653.61,5319335.04,3210310954.0
2011,RJ,78267305.0,37007925,0.764,0.792,0.828,0.681,198404.0,17580176.08,73412.55,51244.76,4735683.91,7232381.67,2784801.34,1681032334.0
2011,RN,13788062.0,4577980,0.72,0.694,0.811,0.663,234870.0,5755476.76,19714.79,139.36,933.66,2784896.84,1225065.06,450413704.0
2011,RS,48815442.0,27629548,0.7686666666666667,0.7883333333333334,0.8506666666666667,0.6776666666666666,915605.0,35687322.29,30411.036666666667,452409.69,900715.47,13965356.35,4756594.94,2741467309.0
2011,SC,29144459.0,20285839,0.803,0.7953333333333333,0.8846666666666666,0.7326666666666667,912462.0,40621039.0,42917.723333333335,362291.43,12799378.06,22691775.880000003,5019570.4399999995,2958644888.0
2011,SP,191179498.0,130282185,0.8012857142857143,0.8077142857142857,0.8521428571428571,0.7458571428571429,13530651.0,806069618.8100001,47205.75285714286,401241.75999999995,101915207.2,555690674.71,55221245.53,57674287224.0
2012,AL,11222349.0,4447021,0.721,0.739,0.799,0.635,867156.0,21306115.95,20853.41,164315.02,2922193.9,12006071.98,3278101.63,1795129013.0
2012,BA,61918804.0,21811360,0.7263333333333333,0.7256666666666667,0.8206666666666665,0.647,2624898.0,78069608.12,19787.366666666665,138925.95,10963732.55,39511247.87,10197889.8,6538658448.0
2012,CE,36231278.0,10024612,0.69,0.644,0.81,0.642,239172.0,4185791.73,15604.19,16226.81,446.85,2500749.36,783278.24,409356006.0
2012,GO,29926336.0,13004378,0.799,0.824,0.838,0.739,1291199.0,46659222.76,32209.01,36.55,6516.72,28379914.23,5524725.22,3766766105.0
2012,MA,23914395.0,11699797,0.768,0.741,0.813,0.752,942449.0,28323.36,26154.25,21.97,5531.0,14332677.0,3297957.23,2105900000.0
2012,MG,95827006.0,53407057,0.777,0.7625,0.87,0.707,704662.0,4227878.95,38290.595,839326.78,6923605.97,17223591.44,3292246.59,1997329852.0
2012,MS,11006412.0,4693952,0.784,0.79,0.844,0.724,765394.0,25437928.17,29442.66,308918.14,3792765.5,12943148.62,4895738.82,2662884470.0
2012,PB,16495604.0,4570022,0.7415,0.736,0.8220000000000001,0.6735,1051080.0,27089966.05,21940.32,37654.68,4820258.77,13627000.44,1728973.21,2458259473.0
2012,PE,38356769.0,11831506,0.6885,0.688,0.799,0.59,496037.0,5801049.35,17520.275,91539.90999999999,1340339.07,6068219.7,2391875.83,1122487933.0
2012,PI,12472485.0,2734312,0.75,0.731,0.82,0.707,762444.0,19149955.47,22597.68,46702.48,2851896.72,10183047.44,3450.95,2324727933.0
2012,PR,49255154.0,27790257,0.7793333333333333,0.781,0.8489999999999999,0.7136666666666667,1063389.0,47978362.45,41366.37333333333,334428.22000000003,7126286.67,24393653.61,5319335.04,3210310954.0
2012,RJ,78598339.0,38049534,0.764,0.792,0.828,0.681,198404.0,17580176.08,73412.55,51244.76,4735683.91,7232381.67,2784801.34,1681032334.0
2012,RN,14265037.0,4870059,0.72,0.694,0.811,0.663,234870.0,5755476.76,19714.79,139.36,933.66,2784896.84,1225065.06,450413704.0
2012,RS,50037225.0,28111432,0.7686666666666667,0.7883333333333334,0.8506666666666667,0.6776666666666666,915605.0,35687322.29,30411.036666666667,452409.69,900715.47,13965356.35,4756594.94,2741467309.0
2012,SC,30058304.0,21588918,0.803,0.7953333333333333,0.8846666666666666,0.7326666666666667,912462.0,40621039.0,42917.723333333335,362291.43,12799378.06,22691775.880000003,5019570.4399999995,2958644888.0
2012,SP,196814651.0,133742258,0.8012857142857143,0.8077142857142857,0.8521428571428571,0.7458571428571429,13530651.0,806069618.8100001,47205.75285714286,401241.75999999995,101915207.2,555690674.71,55221245.53,57674287224.0
2013,AL,11619133.0,4786569,0.721,0.739,0.799,0.635,867156.0,21306115.95,20853.41,164315.02,2922193.9,12006071.98,3278101.63,1795129013.0
2013,BA,63772545.0,23321687,0.7263333333333333,0.7256666666666667,0.8206666666666665,0.647,2624898.0,78069608.12,19787.366666666665,138925.95,10963732.55,39511247.87,10197889.8,6538658448.0
2013,CE,37522119.0,10808636,0.69,0.644,0.81,0.642,239172.0,4185791.73,15604.19,16226.81,446.85,2500749.36,783278.24,409356006.0
2013,GO,31113784.0,13614606,0.799,0.824,0.838,0.739,1291199.0,46659222.76,32209.01,36.55,6516.72,28379914.23,5524725.22,3766766105.0
2013,MA,25107861.0,10999197,0.768,0.741,0.813,0.752,942449.0,28323.36,26154.25,21.97,5531.0,14332677.0,3297957.23,2105900000.0
2013,MG,98656495.0,53898884,0.777,0.7625,0.87,0.707,704662.0,4227878.95,38290.595,839326.78,6923605.97,17223591.44,3292246.59,1997329852.0
2013,MS,11394513.0,5097806,0.784,0.79,0.844,0.724,765394.0,25437928.17,29442.66,308918.14,3792765.5,12943148.62,4895738.82,2662884470.0
2013,PB,17123930.0,4910300,0.7415,0.736,0.8220000000000001,0.6735,1051080.0,27089966.05,21940.32,37654.68,4820258.77,13627000.44,1728973.21,2458259473.0
2013,PE,39515499.0,12935106,0.6885,0.688,0.799,0.59,496037.0,5801049.35,17520.275,91539.90999999999,1340339.07,6068219.7,2391875.83,1122487933.0
2013,PI,13019128.0,2891679,0.75,0.731,0.82,0.707,762444.0,19149955.47,22597.68,46702.48,2851896.72,10183047.44,3450.95,2324727933.0
2013,PR,50841757.0,29029099,0.7793333333333333,0.781,0.8489999999999999,0.7136666666666667,1063389.0,47978362.45,41366.37333333333,334428.22000000003,7126286.67,24393653.61,5319335.04,3210310954.0
2013,RJ,79569372.0,39469177,0.764,0.792,0.828,0.681,198404.0,17580176.08,73412.55,51244.76,4735683.91,7232381.67,2784801.34,1681032334.0
2013,RN,14826410.0,5216146,0.72,0.694,0.811,0.663,234870.0,5755476.76,19714.79,139.36,933.66,2784896.84,1225065.06,450413704.0
2013,RS,51284819.0,28955999,0.7686666666666667,0.7883333333333334,0.8506666666666667,0.6776666666666666,915605.0,35687322.29,30411.036666666667,452409.69,900715.47,13965356.35,4756594.94,2741467309.0
2013,SC,31121732.0,22407573,0.803,0.7953333333333333,0.8846666666666666,0.7326666666666667,912462.0,40621039.0,42917.723333333335,362291.43,12799378.06,22691775.880000003,5019570.4399999995,2958644888.0
2013,SP,202466162.0,136244333,0.8012857142857143,0.8077142857142857,0.8521428571428571,0.7458571428571429,13530651.0,806069618.8100001,47205.75285714286,401241.75999999995,101915207.2,555690674.71,55221245.53,57674287224.0
2014,AL,12033245.0,4949613,0.721,0.739,0.799,0.635,867156.0,21306115.95,20853.41,164315.02,2922193.9,12006071.98,3278101.63,1795129013.0
2014,BA,66038184.0,24744981,0.7263333333333333,0.7256666666666667,0.8206666666666665,0.647,2624898.0,78069608.12,19787.366666666665,138925.95,10963732.55,39511247.87,10197889.8,6538658448.0
2014,CE,38975484.0,11356502,0.69,0.644,0.81,0.642,239172.0,4185791.73,15604.19,16226.81,446.85,2500749.36,783278.24,409356006.0
2014,GO,32431674.0,14237865,0.799,0.824,0.838,0.739,1291199.0,46659222.76,32209.01,36.55,6516.72,28379914.23,5524725.22,3766766105.0
2014,MA,26013982.0,8700114,0.768,0.741,0.813,0.752,942449.0,28323.36,26154.25,21.97,5531.0,14332677.0,3297957.23,2105900000.0
2014,MG,101730369.0,54172635,0.777,0.7625,0.87,0.707,704662.0,4227878.95,38290.595,839326.78,6923605.97,17223591.44,3292246.59,1997329852.0
2014,MS,11802739.0,5345363,0.784,0.79,0.844,0.724,765394.0,25437928.17,29442.66,308918.14,3792765.5,12943148.62,4895738.82,2662884470.0
2014,PB,17825968.0,5103360,0.7415,0.736,0.8220000000000001,0.6735,1051080.0,27089966.05,21940.32,37654.68,4820258.77,13627000.44,1728973.21,2458259473.0
2014,PE,40641355.0,13459323,0.6885,0.688,0.799,0.59,496037.0,5801049.35,17520.275,91539.90999999999,1340339.07,6068219.7,2391875.83,1122487933.0
2014,PI,13493589.0,3086365,0.75,0.731,0.82,0.707,762444.0,19149955.47,22597.68,46702.48,2851896.72,10183047.44,3450.95,2324727933.0
2014,PR,52689416.0,30386956,0.7793333333333333,0.781,0.8489999999999999,0.7136666666666667,1063389.0,47978362.45,41366.37333333333,334428.22000000003,7126286.67,24393653.61,5319335.04,3210310954.0
2014,RJ,81554190.0,40933568,0.764,0.792,0.828,0.681,198404.0,17580176.08,73412.55,51244.76,4735683.91,7232381.67,2784801.34,1681032334.0
2014,RN,15372579.0,5465620,0.72,0.694,0.811,0.663,234870.0,5755476.76,19714.79,139.36,933.66,2784896.84,1225065.06,450413704.0
2014,RS,52509200.0,30637596,0.7686666666666667,0.7883333333333334,0.8506666666666667,0.6776666666666666,915605.0,35687322.29,30411.036666666667,452409.69,900715.47,13965356.35,4756594.94,2741467309.0
2014,SC,32181497.0,23793952,0.803,0.7953333333333333,0.8846666666666666,0.7326666666666667,912462.0,40621039.0,42917.723333333335,362291.43,12799378.06,22691775.880000003,5019570.4399999995,2958644888.0
2014,SP,207974778.0,136481805,0.8012857142857143,0.8077142857142857,0.8521428571428571,0.7458571428571429,13530651.0,806069618.8100001,47205.75285714286,401241.75999999995,101915207.2,555690674.71,55221245.53,57674287224.0
2015,AL,12403867.0,4910480,0.721,0.739,0.799,0.635,867156.0,21306115.95,20853.41,164315.02,2922193.9,12006071.98,3278101.63,1795129013.0
2015,BA,68177424.0,24149091,0.7263333333333333,0.7256666666666667,0.8206666666666665,0.647,2624898.0,78069608.12,19787.366666666665,138925.95,10963732.55,39511247.87,10197889.8,6538658448.0
2015,CE,40108987.0,11325726,0.69,0.644,0.81,0.642,239172.0,4185791.73,15604.19,16226.81,446.85,2500749.36,783278.24,409356006.0
2015,GO,32278615.0,15030784,0.799,0.824,0.838,0.739,1291199.0,46659222.76,32209.01,36.55,6516.72,28379914.23,5524725.22,3766766105.0
2015,MA,26727848.0,7037798,0.768,0.741,0.813,0.752,942449.0,28323.36,26154.25,21.97,5531.0,14332677.0,3297957.23,2105900000.0
2015,MG,103325056.0,52816798,0.777,0.7625,0.87,0.707,704662.0,4227878.95,38290.595,839326.78,6923605.97,17223591.44,3292246.59,1997329852.0
2015,MS,12250820.0,5337826,0.784,0.79,0.844,0.724,765394.0,25437928.17,29442.66,308918.14,3792765.5,12943148.62,4895738.82,2662884470.0
2015,PB,18471050.0,5179542,0.7415,0.736,0.8220000000000001,0.6735,1051080.0,27089966.05,21940.32,37654.68,4820258.77,13627000.44,1728973.21,2458259473.0
2015,PE,41844704.0,13954862,0.6885,0.688,0.799,0.59,496037.0,5801049.35,17520.275,91539.90999999999,1340339.07,6068219.7,2391875.83,1122487933.0
2015,PI,13912588.0,3293086,0.75,0.731,0.82,0.707,762444.0,19149955.47,22597.68,46702.48,2851896.72,10183047.44,3450.95,2324727933.0
2015,PR,54131432.0,29861017,0.7793333333333333,0.781,0.8489999999999999,0.7136666666666667,1063389.0,47978362.45,41366.37333333333,334428.22000000003,7126286.67,24393653.61,5319335.04,3210310954.0
2015,RJ,84201973.0,41128936,0.764,0.792,0.828,0.681,198404.0,17580176.08,73412.55,51244.76,4735683.91,7232381.67,2784801.34,1681032334.0
2015,RN,15943389.0,5516601,0.72,0.694,0.811,0.663,234870.0,5755476.76,19714.79,139.36,933.66,2784896.84,1225065.06,450413704.0
2015,RS,53318690.0,29244578,0.7686666666666667,0.7883333333333334,0.8506666666666667,0.6776666666666666,915605.0,35687322.29,30411.036666666667,452409.69,900715.47,13965356.35,4756594.94,2741467309.0
2015,SC,33055301.0,23048727,0.803,0.7953333333333333,0.8846666666666666,0.7326666666666667,912462.0,40621039.0,42917.723333333335,362291.43,12799378.06,22691775.880000003,5019570.4399999995,2958644888.0
2015,SP,211401805.0,130814731,0.8012857142857143,0.8077142857142857,0.8521428571428571,0.7458571428571429,13530651.0,806069618.8100001,47205.75285714286,401241.75999999995,101915207.2,555690674.71,55221245.53,57674287224.0
2016,AL,13060249.0,4880506,0.721,0.739,0.799,0.635,867156.0,21306115.95,20853.41,164315.02,2922193.9,12006071.98,3278101.63,1795129013.0
2016,BA,69780620.0,23945410,0.7263333333333333,0.7256666666666667,0.8206666666666665,0.647,2624898.0,78069608.12,19787.366666666665,138925.95,10963732.55,39511247.87,10197889.8,6538658448.0
2016,CE,40840876.0,11913850,0.69,0.644,0.81,0.642,239172.0,4185791.73,15604.19,16226.81,446.85,2500749.36,783278.24,409356006.0
2016,GO,34132757.0,15078646,0.799,0.824,0.838,0.739,1291199.0,46659222.76,32209.01,36.55,6516.72,28379914.23,5524725.22,3766766105.0
2016,MA,27835130.0,6823586,0.768,0.741,0.813,0.752,942449.0,28323.36,26154.25,21.97,5531.0,14332677.0,3297957.23,2105900000.0
2016,MG,105456900.0,54102216,0.777,0.7625,0.87,0.707,704662.0,4227878.95,38290.595,839326.78,6923605.97,17223591.44,3292246.59,1997329852.0
2016,MS,12582968.0,5246143,0.784,0.79,0.844,0.724,765394.0,25437928.17,29442.66,308918.14,3792765.5,12943148.62,4895738.82,2662884470.0
2016,PB,18885730.0,5189204,0.7415,0.736,0.8220000000000001,0.6735,1051080.0,27089966.05,21940.32,37654.68,4820258.77,13627000.44,1728973.21,2458259473.0
2016,PE,42851208.0,13996074,0.6885,0.688,0.799,0.59,496037.0,5801049.35,17520.275,91539.90999999999,1340339.07,6068219.7,2391875.83,1122487933.0
2016,PI,14383162.0,3380711,0.75,0.731,0.82,0.707,762444.0,19149955.47,22597.68,46702.48,2851896.72,10183047.44,3450.95,2324727933.0
2016,PR,55079918.0,29597885,0.7793333333333333,0.781,0.8489999999999999,0.7136666666666667,1063389.0,47978362.45,41366.37333333333,334428.22000000003,7126286.67,24393653.61,5319335.04,3210310954.0
2016,RJ,83541040.0,39903433,0.764,0.792,0.828,0.681,198404.0,17580176.08,73412.55,51244.76,4735683.91,7232381.67,2784801.34,1681032334.0
2016,RN,16444796.0,5588536,0.72,0.694,0.811,0.663,234870.0,5755476.76,19714.79,139.36,933.66,2784896.84,1225065.06,450413704.0
2016,RS,54058283.0,29521055,0.7686666666666667,0.7883333333333334,0.8506666666666667,0.6776666666666666,915605.0,35687322.29,30411.036666666667,452409.69,900715.47,13965356.35,4756594.94,2741467309.0
2016,SC,34197081.0,23306707,0.803,0.7953333333333333,0.8846666666666666,0.7326666666666667,912462.0,40621039.0,42917.723333333335,362291.43,12799378.06,22691775.880000003,5019570.4399999995,2958644888.0
2016,SP,217148568.0,127170671,0.8012857142857143,0.8077142857142857,0.8521428571428571,0.7458571428571429,13530651.0,806069618.8100001,47205.75285714286,401241.75999999995,101915207.2,555690674.71,55221245.53,57674287224.0
2017,AL,13715483.0,4959862,0.721,0.739,0.799,0.635,867156.0,21306115.95,20853.41,164315.02,2922193.9,12006071.98,3278101.63,1795129013.0
2017,BA,70658772.0,24331448,0.7263333333333333,0.7256666666666667,0.8206666666666665,0.647,2624898.0,78069608.12,19787.366666666665,138925.95,10963732.55,39511247.87,10197889.8,6538658448.0
2017,CE,41473379.0,11424147,0.69,0.644,0.81,0.642,239172.0,4185791.73,15604.19,16226.81,446.85,2500749.36,783278.24,409356006.0
2017,GO,34209143.0,15366607,0.799,0.824,0.838,0.739,1291199.0,46659222.76,32209.01,36.55,6516.72,28379914.23,5524725.22,3766766105.0
2017,MA,28800175.0,6904708,0.768,0.741,0.813,0.752,942449.0,28323.36,26154.25,21.97,5531.0,14332677.0,3297957.23,2105900000.0
2017,MG,106997391.0,54240396,0.777,0.7625,0.87,0.707,704662.0,4227878.95,38290.595,839326.78,6923605.97,17223591.44,3292246.59,1997329852.0
2017,MS,12878632.0,5569320,0.784,0.79,0.844,0.724,765394.0,25437928.17,29442.66,308918.14,3792765.5,12943148.62,4895738.82,2662884470.0
2017,PB,19254539.0,5250663,0.7415,0.736,0.8220000000000001,0.6735,1051080.0,27089966.05,21940.32,37654.68,4820258.77,13627000.44,1728973.21,2458259473.0
2017,PE,43716184.0,14086846,0.6885,0.688,0.799,0.59,496037.0,5801049.35,17520.275,91539.90999999999,1340339.07,6068219.7,2391875.83,1122487933.0
2017,PI,14995980.0,3480578,0.75,0.731,0.82,0.707,762444.0,19149955.47,22597.68,46702.48,2851896.72,10183047.44,3450.95,2324727933.0
2017,PR,55920698.0,30725539,0.7793333333333333,0.781,0.8489999999999999,0.7136666666666667,1063389.0,47978362.45,41366.37333333333,334428.22000000003,7126286.67,24393653.61,5319335.04,3210310954.0
2017,RJ,86031939.0,38882167,0.764,0.792,0.828,0.681,198404.0,17580176.08,73412.55,51244.76,4735683.91,7232381.67,2784801.34,1681032334.0
2017,RN,16856042.0,5625411,0.72,0.694,0.811,0.663,234870.0,5755476.76,19714.79,139.36,933.66,2784896.84,1225065.06,450413704.0
2017,RS,54926777.0,29927350,0.7686666666666667,0.7883333333333334,0.8506666666666667,0.6776666666666666,915605.0,35687322.29,30411.036666666667,452409.69,900715.47,13965356.35,4756594.94,2741467309.0
2017,SC,34992579.0,24344285,0.803,0.7953333333333333,0.8846666666666666,0.7326666666666667,912462.0,40621039.0,42917.723333333335,362291.43,12799378.06,22691775.880000003,5019570.4399999995,2958644888.0
2017,SP,220876272.0,129607076,0.8012857142857143,0.8077142857142857,0.8521428571428571,0.7458571428571429,13530651.0,806069618.8100001,47205.75285714286,401241.75999999995,101915207.2,555690674.71,55221245.53,57674287224.0
2018,AL,14097017.0,4708714,0.721,0.739,0.799,0.635,867156.0,21306115.95,20853.41,164315.02,2922193.9,12006071.98,3278101.63,1795129013.0
2018,BA,71626571.0,25092078,0.7263333333333333,0.7256666666666667,0.8206666666666665,0.647,2624898.0,78069608.12,19787.366666666665,138925.95,10963732.55,39511247.87,10197889.8,6538658448.0
2018,CE,42126179.0,11265420,0.69,0.644,0.81,0.642,239172.0,4185791.73,15604.19,16226.81,446.85,2500749.36,783278.24,409356006.0
2018,GO,35210023.0,16024163,0.799,0.824,0.838,0.739,1291199.0,46659222.76,32209.01,36.55,6516.72,28379914.23,5524725.22,3766766105.0
2018,MA,29604659.0,7099209,0.768,0.741,0.813,0.752,942449.0,28323.36,26154.25,21.97,5531.0,14332677.0,3297957.23,2105900000.0
2018,MG,108074287.0,56471748,0.777,0.7625,0.87,0.707,704662.0,4227878.95,38290.595,839326.78,6923605.97,17223591.44,3292246.59,1997329852.0
2018,MS,13106500.0,5764937,0.784,0.79,0.844,0.724,765394.0,25437928.17,29442.66,308918.14,3792765.5,12943148.62,4895738.82,2662884470.0
2018,PB,19540601.0,5406760,0.7415,0.736,0.8220000000000001,0.6735,1051080.0,27089966.05,21940.32,37654.68,4820258.77,13627000.44,1728973.21,2458259473.0
2018,PE,44042564.0,14074844,0.6885,0.688,0.799,0.59,496037.0,5801049.35,17520.275,91539.90999999999,1340339.07,6068219.7,2391875.83,1122487933.0
2018,PI,14911623.0,3408103,0.75,0.731,0.82,0.707,762444.0,19149955.47,22597.68,46702.48,2851896.72,10183047.44,3450.95,2324727933.0
2018,PR,56925339.0,31819788,0.7793333333333333,0.781,0.8489999999999999,0.7136666666666667,1063389.0,47978362.45,41366.37333333333,334428.22000000003,7126286.67,24393653.61,5319335.04,3210310954.0
2018,RJ,86661892.0,39699306,0.764,0.792,0.828,0.681,198404.0,17580176.08,73412.55,51244.76,4735683.91,7232381.67,2784801.34,1681032334.0
2018,RN,17240507.0,5702407,0.72,0.694,0.811,0.663,234870.0,5755476.76,19714.79,139.36,933.66,2784896.84,1225065.06,450413704.0
2018,RS,56475434.0,30417966,0.7686666666666667,0.7883333333333334,0.8506666666666667,0.6776666666666666,915605.0,35687322.29,30411.036666666667,452409.69,900715.47,13965356.35,4756594.94,2741467309.0
2018,SC,35877924.0,24935442,0.803,0.7953333333333333,0.8846666666666666,0.7326666666666667,912462.0,40621039.0,42917.723333333335,362291.43,12799378.06,22691775.880000003,5019570.4399999995,2958644888.0
2018,SP,226024792.0,132435008,0.8012857142857143,0.8077142857142857,0.8521428571428571,0.7458571428571429,13530651.0,806069618.8100001,47205.75285714286,401241.75999999995,101915207.2,555690674.71,55221245.53,57674287224.0
2019,AL,13797055.0,4128325,0.721,0.739,0.799,0.635,867156.0,21306115.95,20853.41,164315.02,2922193.9,12006071.98,3278101.63,1795129013.0
2019,BA,72862731.0,25919723,0.7263333333333333,0.7256666666666667,0.8206666666666665,0.647,2624898.0,78069608.12,19787.366666666665,138925.95,10963732.55,39511247.87,10197889.8,6538658448.0
2019,CE,43126639.0,12279930,0.69,0.644,0.81,0.642,239172.0,4185791.73,15604.19,16226.81,446.85,2500749.36,783278.24,409356006.0
2019,GO,36149686.0,16503100,0.799,0.824,0.838,0.739,1291199.0,46659222.76,32209.01,36.55,6516.72,28379914.23,5524725.22,3766766105.0
2019,MA,30279124.0,7511233,0.768,0.741,0.813,0.752,942449.0,28323.36,26154.25,21.97,5531.0,14332677.0,3297957.23,2105900000.0
2019,MG,109261813.0,55896331,0.777,0.7625,0.87,0.707,704662.0,4227878.95,38290.595,839326.78,6923605.97,17223591.44,3292246.59,1997329852.0
2019,MS,13231585.0,6142048,0.784,0.79,0.844,0.724,765394.0,25437928.17,29442.66,308918.14,3792765.5,12943148.62,4895738.82,2662884470.0
2019,PB,19782746.0,5586642,0.7415,0.736,0.8220000000000001,0.6735,1051080.0,27089966.05,21940.32,37654.68,4820258.77,13627000.44,1728973.21,2458259473.0
2019,PE,44706235.0,14555148,0.6885,0.688,0.799,0.59,496037.0,5801049.35,17520.275,91539.90999999999,1340339.07,6068219.7,2391875.83,1122487933.0
2019,PI,15460147.0,3663840,0.75,0.731,0.82,0.707,762444.0,19149955.47,22597.68,46702.48,2851896.72,10183047.44,3450.95,2324727933.0
2019,PR,57951514.0,32924612,0.7793333333333333,0.781,0.8489999999999999,0.7136666666666667,1063389.0,47978362.45,41366.37333333333,334428.22000000003,7126286.67,24393653.61,5319335.04,3210310954.0
2019,RJ,85547666.0,39243486,0.764,0.792,0.828,0.681,198404.0,17580176.08,73412.55,51244.76,4735683.91,7232381.67,2784801.34,1681032334.0
2019,RN,17577449.0,5788607,0.72,0.694,0.811,0.663,234870.0,5755476.76,19714.79,139.36,933.66,2784896.84,1225065.06,450413704.0
2019,RS,57881285.0,30425525,0.7686666666666667,0.7883333333333334,0.8506666666666667,0.6776666666666666,915605.0,35687322.29,30411.036666666667,452409.69,900715.47,13965356.35,4756594.94,2741467309.0
2019,SC,36778338.0,26070735,0.803,0.7953333333333333,0.8846666666666666,0.7326666666666667,912462.0,40621039.0,42917.723333333335,362291.43,12799378.06,22691775.880000003,5019570.4399999995,2958644888.0
2019,SP,230886294.0,132848365,0.8012857142857143,0.8077142857142857,0.8521428571428571,0.7458571428571429,13530651.0,806069618.8100001,47205.75285714286,401241.75999999995,101915207.2,555690674.71,55221245.53,57674287224.0
2020,AL,13624825.0,3948183,0.721,0.739,0.799,0.635,867156.0,21306115.95,20853.41,164315.02,2922193.9,12006071.98,3278101.63,1795129013.0
2020,BA,74155531.0,24825275,0.7263333333333333,0.7256666666666667,0.8206666666666665,0.647,2624898.0,78069608.12,19787.366666666665,138925.95,10963732.55,39511247.87,10197889.8,6538658448.0
2020,CE,45589721.0,11947947,0.69,0.644,0.81,0.642,239172.0,4185791.73,15604.19,16226.81,446.85,2500749.36,783278.24,409356006.0
2020,GO,37375105.0,16703988,0.799,0.824,0.838,0.739,1291199.0,46659222.76,32209.01,36.55,6516.72,28379914.23,5524725.22,3766766105.0
2020,MA,30854215.0,7717735,0.768,0.741,0.813,0.752,942449.0,28323.36,26154.25,21.97,5531.0,14332677.0,3297957.23,2105900000.0
2020,MG,111198166.0,55775602,0.777,0.7625,0.87,0.707,704662.0,4227878.95,38290.595,839326.78,6923605.97,17223591.44,3292246.59,1997329852.0
2020,MS,13510556.0,6270772,0.784,0.79,0.844,0.724,765394.0,25437928.17,29442.66,308918.14,3792765.5,12943148.62,4895738.82,2662884470.0
2020,PB,20189225.0,5597853,0.7415,0.736,0.8220000000000001,0.6735,1051080.0,27089966.05,21940.32,37654.68,4820258.77,13627000.44,1728973.21,2458259473.0
2020,PE,45361771.0,14152877,0.6885,0.688,0.799,0.59,496037.0,5801049.35,17520.275,91539.90999999999,1340339.07,6068219.7,2391875.83,1122487933.0
2020,PI,15653957.0,3699427,0.75,0.731,0.82,0.707,762444.0,19149955.47,22597.68,46702.48,2851896.72,10183047.44,3450.95,2324727933.0
2020,PR,59036935.0,32867142,0.7793333333333333,0.781,0.8489999999999999,0.7136666666666667,1063389.0,47978362.45,41366.37333333333,334428.22000000003,7126286.67,24393653.61,5319335.04,3210310954.0
2020,RJ,86031337.0,38118629,0.764,0.792,0.828,0.681,198404.0,17580176.08,73412.55,51244.76,4735683.91,7232381.67,2784801.34,1681032334.0
2020,RN,17755773.0,5638124,0.72,0.694,0.811,0.663,234870.0,5755476.76,19714.79,139.36,933.66,2784896.84,1225065.06,450413704.0
2020,RS,57394275.0,29620946,0.7686666666666667,0.7883333333333334,0.8506666666666667,0.6776666666666666,915605.0,35687322.29,30411.036666666667,452409.69,900715.47,13965356.35,4756594.94,2741467309.0
2020,SC,37705591.0,26214866,0.803,0.7953333333333333,0.8846666666666666,0.7326666666666667,912462.0,40621039.0,42917.723333333335,362291.43,12799378.06,22691775.880000003,5019570.4399999995,2958644888.0
2020,SP,232092385.0,129224424,0.8012857142857143,0.8077142857142857,0.8521428571428571,0.7458571428571429,13530651.0,806069618.8100001,47205.75285714286,401241.75999999995,101915207.2,555690674.71,55221245.53,57674287224.0
2021,AL,14164383.0,4634686,0.721,0.739,0.799,0.635,867156.0,21306115.95,20853.41,164315.02,2922193.9,12006071.98,3278101.63,1795129013.0
2021,BA,75618262.0,26198552,0.7263333333333333,0.7256666666666667,0.8206666666666665,0.647,2624898.0,78069608.12,19787.366666666665,138925.95,10963732.55,39511247.87,10197889.8,6538658448.0
2021,CE,46803889.0,12970303,0.69,0.644,0.81,0.642,239172.0,4185791.73,15604.19,16226.81,446.85,2500749.36,783278.24,409356006.0
2021,GO,38375520.0,17324435,0.799,0.824,0.838,0.739,1291199.0,46659222.76,32209.01,36.55,6516.72,28379914.23,5524725.22,3766766105.0
2021,MA,31229871.0,8146906,0.768,0.741,0.813,0.752,942449.0,28323.36,26154.25,21.97,5531.0,14332677.0,3297957.23,2105900000.0
2021,MG,113655281.0,60373939,0.777,0.7625,0.87,0.707,704662.0,4227878.95,38290.595,839326.78,6923605.97,17223591.44,3292246.59,1997329852.0
2021,MS,14197316.0,6341349,0.784,0.79,0.844,0.724,765394.0,25437928.17,29442.66,308918.14,3792765.5,12943148.62,4895738.82,2662884470.0
2021,PB,21157798.0,5881354,0.7415,0.736,0.8220000000000001,0.6735,1051080.0,27089966.05,21940.32,37654.68,4820258.77,13627000.44,1728973.21,2458259473.0
2021,PE,46210234.0,15212339,0.6885,0.688,0.799,0.59,496037.0,5801049.35,17520.275,91539.90999999999,1340339.07,6068219.7,2391875.83,1122487933.0
2021,PI,16185846.0,3961502,0.75,0.731,0.82,0.707,762444.0,19149955.47,22597.68,46702.48,2851896.72,10183047.44,3450.95,2324727933.0
2021,PR,60485167.0,34518664,0.7793333333333333,0.781,0.8489999999999999,0.7136666666666667,1063389.0,47978362.45,41366.37333333333,334428.22000000003,7126286.67,24393653.61,5319335.04,3210310954.0
2021,RJ,86481968.0,38246439,0.764,0.792,0.828,0.681,198404.0,17580176.08,73412.55,51244.76,4735683.91,7232381.67,2784801.34,1681032334.0
2021,RN,17803309.0,6038024,0.72,0.694,0.811,0.663,234870.0,5755476.76,19714.79,139.36,933.66,2784896.84,1225065.06,450413704.0
2021,RS,58275034.0,30357345,0.7686666666666667,0.7883333333333334,0.8506666666666667,0.6776666666666666,915605.0,35687322.29,30411.036666666667,452409.69,900715.47,13965356.35,4756594.94,2741467309.0
2021,SC,36076151.0,27884516,0.803,0.7953333333333333,0.8846666666666666,0.7326666666666667,912462.0,40621039.0,42917.723333333335,362291.43,12799378.06,22691775.880000003,5019570.4399999995,2958644888.0
2021,SP,237298605.0,137360079,0.8012857142857143,0.8077142857142857,0.8521428571428571,0.7458571428571429,13530651.0,806069618.8100001,47205.75285714286,401241.75999999995,101915207.2,555690674.71,55221245.53,57674287224.0
2022,AL,14872551.0,4960146,0.721,0.739,0.799,0.635,867156.0,21306115.95,20853.41,164315.02,2922193.9,12006071.98,3278101.63,1795129013.0
2022,BA,77263941.0,26262880,0.7263333333333333,0.7256666666666667,0.8206666666666665,0.647,2624898.0,78069608.12,19787.366666666665,138925.95,10963732.55,39511247.87,10197889.8,6538658448.0
2022,CE,49104900.0,12884550,0.69,0.644,0.81,0.642,239172.0,4185791.73,15604.19,16226.81,446.85,2500749.36,783278.24,409356006.0
2022,GO,39423941.0,17762867,0.799,0.824,0.838,0.739,1291199.0,46659222.76,32209.01,36.55,6516.72,28379914.23,5524725.22,3766766105.0
2022,MA,31869330.0,9612313,0.768,0.741,0.813,0.752,942449.0,28323.36,26154.25,21.97,5531.0,14332677.0,3297957.23,2105900000.0
2022,MG,115552985.0,61588177,0.777,0.7625,0.87,0.707,704662.0,4227878.95,38290.595,839326.78,6923605.97,17223591.44,3292246.59,1997329852.0
2022,MS,14066912.0,6306896,0.784,0.79,0.844,0.724,765394.0,25437928.17,29442.66,308918.14,3792765.5,12943148.62,4895738.82,2662884470.0
2022,PB,21044001.0,5750917,0.7415,0.736,0.8220000000000001,0.6735,1051080.0,27089966.05,21940.32,37654.68,4820258.77,13627000.44,1728973.21,2458259473.0
2022,PE,46915831.0,15025129,0.6885,0.688,0.799,0.59,496037.0,5801049.35,17520.275,91539.90999999999,1340339.07,6068219.7,2391875.83,1122487933.0
2022,PI,16653080.0,3995874,0.75,0.731,0.82,0.707,762444.0,19149955.47,22597.68,46702.48,2851896.72,10183047.44,3450.95,2324727933.0
2022,PR,61549807.0,35467623,0.7793333333333333,0.781,0.8489999999999999,0.7136666666666667,1063389.0,47978362.45,41366.37333333333,334428.22000000003,7126286.67,24393653.61,5319335.04,3210310954.0
2022,RJ,91256635.0,37536150,0.764,0.792,0.828,0.681,198404.0,17580176.08,73412.55,51244.76,4735683.91,7232381.67,2784801.34,1681032334.0
2022,RN,18511538.0,5848964,0.72,0.694,0.811,0.663,234870.0,5755476.76,19714.79,139.36,933.66,2784896.84,1225065.06,450413704.0
2022,RS,59349472.0,30580761,0.7686666666666667,0.7883333333333334,0.8506666666666667,0.6776666666666666,915605.0,35687322.29,30411.036666666667,452409.69,900715.47,13965356.35,4756594.94,2741467309.0
2022,SC,39963599.0,28634954,0.803,0.7953333333333333,0.8846666666666666,0.7326666666666667,912462.0,40621039.0,42917.723333333335,362291.43,12799378.06,22691775.880000003,5019570.4399999995,2958644888.0
2022,SP,242292895.0,138022565,0.8012857142857143,0.8077142857142857,0.8521428571428571,0.7458571428571429,13530651.0,806069618.8100001,47205.75285714286,401241.75999999995,101915207.2,555690674.71,55221245.53,57674287224.0
2023,AL,16073941.0,5434198,0.721,0.739,0.799,0.635,867156.0,21306115.95,20853.41,164315.02,2922193.9,12006071.98,3278101.63,1795129013.0
2023,BA,78946232.0,27101657,0.7263333333333333,0.7256666666666667,0.8206666666666665,0.647,2624898.0,78069608.12,19787.366666666665,138925.95,10963732.55,39511247.87,10197889.8,6538658448.0
2023,CE,51240700.0,13447305,0.69,0.644,0.81,0.642,239172.0,4185791.73,15604.19,16226.81,446.85,2500749.36,783278.24,409356006.0
2023,GO,40336897.0,19076041,0.799,0.824,0.838,0.739,1291199.0,46659222.76,32209.01,36.55,6516.72,28379914.23,5524725.22,3766766105.0
2023,MA,32511749.0,13378126,0.768,0.741,0.813,0.752,942449.0,28323.36,26154.25,21.97,5531.0,14332677.0,3297957.23,2105900000.0
2023,MG,117628596.0,64024386,0.777,0.7625,0.87,0.707,704662.0,4227878.95,38290.595,839326.78,6923605.97,17223591.44,3292246.59,1997329852.0
2023,MS,14384006.0,6409696,0.784,0.79,0.844,0.724,765394.0,25437928.17,29442.66,308918.14,3792765.5,12943148.62,4895738.82,2662884470.0
2023,PB,21549677.0,5974533,0.7415,0.736,0.8220000000000001,0.6735,1051080.0,27089966.05,21940.32,37654.68,4820258.77,13627000.44,1728973.21,2458259473.0
2023,PE,47960794.0,15184052,0.6885,0.688,0.799,0.59,496037.0,5801049.35,17520.275,91539.90999999999,1340339.07,6068219.7,2391875.83,1122487933.0
2023,PI,17728656.0,4366618,0.75,0.731,0.82,0.707,762444.0,19149955.47,22597.68,46702.48,2851896.72,10183047.44,3450.95,2324727933.0
2023,PR,62589666.0,36646540,0.7793333333333333,0.781,0.8489999999999999,0.7136666666666667,1063389.0,47978362.45,41366.37333333333,334428.22000000003,7126286.67,24393653.61,5319335.04,3210310954.0
2023,RJ,91481764.0,37953420,0.764,0.792,0.828,0.681,198404.0,17580176.08,73412.55,51244.76,4735683.91,7232381.67,2784801.34,1681032334.0
2023,RN,18824636.0,5965650,0.72,0.694,0.811,0.663,234870.0,5755476.76,19714.79,139.36,933.66,2784896.84,1225065.06,450413704.0
2023,RS,60811201.0,31469571,0.7686666666666667,0.7883333333333334,0.8506666666666667,0.6776666666666666,915605.0,35687322.29,30411.036666666667,452409.69,900715.47,13965356.35,4756594.94,2741467309.0
2023,SC,41004650.0,29741073,0.803,0.7953333333333333,0.8846666666666666,0.7326666666666667,912462.0,40621039.0,42917.723333333335,362291.43,12799378.06,22691775.880000003,5019570.4399999995,2958644888.0
2023,SP,247730437.0,140991798,0.8012857142857143,0.8077142857142857,0.8521428571428571,0.7458571428571429,13530651.0,806069618.8100001,47205.75285714286,401241.75999999995,101915207.2,555690674.71,55221245.53,57674287224.0
